{
    "id_val": {
        "r_wg_std": NaN,
        "r_wg": 0.6778331190195899,
        "r_all_std": NaN,
        "r_all": 0.8379641534284467
    },
    "id_test": {
        "r_wg_std": NaN,
        "r_wg": 0.6454444316246598,
        "r_all_std": NaN,
        "r_all": 0.8311910896359269
    },
    "val": {
        "r_wg_std": NaN,
        "r_wg": 0.493486241213665,
        "r_all_std": NaN,
        "r_all": 0.8058389225054379
    },
    "test": {
        "r_wg_std": NaN,
        "r_wg": 0.3560792259044674,
        "r_all_std": NaN,
        "r_all": 0.8239733960803939
    }
}